City_ID,City,Country,Lat,Lng,Max Temp,Humidity,Cloudiness,Wind Speed,Current Description
0,Sierra Vista,US,31.5545,-110.3037,48.2,18,1,10.36,clear sky
1,Ilulissat,GL,69.2167,-51.1,8.6,56,40,23.02,light snow
2,Wajima,JP,37.4,136.9,26.6,100,90,2.3,snow
3,Salalah,OM,17.0151,54.0924,77.94,27,0,9.53,clear sky
4,Nikolskoye,RU,59.7035,30.7861,12.0,85,0,4.47,clear sky
5,Buchanan,LR,5.8808,-10.0467,77.0,94,75,2.44,mist
6,Taltal,CL,-25.4,-70.4833,63.21,78,39,1.74,scattered clouds
7,Kousseri,CM,12.0769,15.0306,75.2,23,29,12.66,scattered clouds
8,Hithadhoo,MV,-0.6,73.0833,81.72,74,32,10.09,scattered clouds
9,Rikitea,PF,-23.1203,-134.9692,78.15,76,100,7.34,light rain
10,Thinadhoo,MV,0.5333,72.9333,81.7,76,85,9.89,overcast clouds
11,Namibe,AO,-15.1961,12.1522,71.65,73,100,1.68,overcast clouds
12,Busselton,AU,-33.65,115.3333,102.99,21,7,7.0,clear sky
13,Hobart,AU,-42.8794,147.3294,72.0,63,75,14.97,broken clouds
14,Maniitsoq,GL,65.4167,-52.9,22.93,81,100,10.45,overcast clouds
15,Yulara,AU,-25.2406,130.9889,98.6,12,40,12.66,scattered clouds
16,Upernavik,GL,72.7868,-56.1549,10.02,75,100,7.45,overcast clouds
17,Vaini,TO,-21.2,-175.2,78.8,94,40,3.44,scattered clouds
18,Bluff,NZ,-46.6,168.3333,55.99,78,100,10.0,overcast clouds
19,Yar-Sale,RU,66.8333,70.8333,-4.59,92,81,10.6,broken clouds
20,Hermanus,ZA,-34.4187,19.2345,75.0,70,30,8.99,scattered clouds
21,Butaritari,KI,3.0707,172.7902,81.75,80,94,24.18,light rain
22,Vila Franca Do Campo,PT,37.7167,-25.4333,48.2,81,20,5.75,few clouds
23,Castro,BR,-24.7911,-50.0119,64.08,96,96,6.78,overcast clouds
24,Georgetown,MY,5.4112,100.3354,87.8,55,40,16.11,scattered clouds
25,Saravan,AM,39.7196,45.6483,19.4,93,90,4.61,mist
26,Ushuaia,AR,-54.8,-68.3,53.6,50,40,10.36,scattered clouds
27,Atuona,PF,-9.8,-139.0333,77.43,72,0,18.5,clear sky
28,Margate,GB,51.3813,1.3862,37.99,90,44,1.99,scattered clouds
29,Flinders,AU,-34.5833,150.8552,73.0,61,0,7.0,clear sky
30,La Ronge,CA,55.1001,-105.2842,3.2,85,37,2.3,scattered clouds
31,Mahebourg,MU,-20.4081,57.7,84.2,74,40,10.36,scattered clouds
32,Laguna,US,38.421,-121.4238,45.0,87,1,4.61,mist
33,Hun,LY,29.1268,15.9477,72.37,22,0,5.79,clear sky
34,Samarai,PG,-10.6167,150.6667,85.19,76,99,8.63,moderate rain
35,Krasnyy Chikoy,RU,50.3643,108.7512,6.57,88,9,6.13,clear sky
36,Naliya,IN,23.2667,68.8333,75.09,23,0,21.43,clear sky
37,Bambous Virieux,MU,-20.3428,57.7575,84.99,74,40,10.36,scattered clouds
38,Bandarbeyla,SO,9.4942,50.8122,77.23,60,29,26.08,scattered clouds
39,Jamestown,US,42.097,-79.2353,21.0,93,1,6.91,clear sky
40,Punta Arenas,CL,-53.15,-70.9167,46.4,71,75,14.97,broken clouds
41,Bredasdorp,ZA,-34.5322,20.0403,77.0,61,88,2.3,overcast clouds
42,Maragogi,BR,-9.0122,-35.2225,76.33,82,24,7.94,few clouds
43,Albany,US,42.6001,-73.9662,18.0,72,7,5.53,clear sky
44,New Norfolk,AU,-42.7826,147.0587,73.0,21,52,1.99,broken clouds
45,Cherskiy,RU,68.75,161.3,-27.33,86,57,0.87,broken clouds
46,Port Elizabeth,ZA,-33.918,25.5701,75.2,83,90,6.91,overcast clouds
47,Kapaa,US,22.0752,-159.319,69.8,83,20,4.61,few clouds
48,Coquimbo,CL,-29.9533,-71.3436,59.0,82,90,5.75,overcast clouds
49,Bulgan,MN,48.8125,103.5347,0.48,85,73,2.04,broken clouds
50,Port Blair,IN,11.6667,92.75,84.2,79,90,9.22,drizzle
51,Lavrentiya,RU,65.5833,-171.0,-12.84,83,0,3.89,clear sky
52,Cape Town,ZA,-33.9258,18.4232,77.0,68,0,6.91,clear sky
53,Bam,IR,29.106,58.357,54.36,24,0,6.35,clear sky
54,Vila Velha,BR,-20.3297,-40.2925,77.0,88,0,5.75,clear sky
55,Saint George,US,37.1041,-113.5841,30.2,47,1,3.44,clear sky
56,Prince Rupert,CA,54.3161,-130.3201,42.8,81,40,10.36,scattered clouds
57,Malyye Derbety,RU,47.9547,44.6808,39.81,92,100,15.48,light rain
58,Kaitangata,NZ,-46.2817,169.8464,57.0,69,93,8.01,overcast clouds
59,Hasaki,JP,35.7333,140.8333,45.0,17,20,5.75,few clouds
60,Rongcheng,CN,30.634,117.8517,38.19,57,58,4.05,broken clouds
61,Puerto Ayora,EC,-0.7393,-90.3518,72.0,95,89,1.01,overcast clouds
62,Nanortalik,GL,60.1432,-45.2371,31.53,94,100,9.78,light snow
63,Lagoa,PT,39.05,-27.9833,55.11,62,47,4.12,scattered clouds
64,Manyana,BW,-23.4,21.7167,78.49,56,79,8.28,broken clouds
65,Fortuna,US,40.5982,-124.1573,44.01,100,90,5.75,overcast clouds
66,Saskylakh,RU,71.9167,114.0833,-19.14,86,100,10.18,overcast clouds
67,Ovre Ardal,NO,61.3167,7.8,15.8,86,75,6.91,broken clouds
68,Mar Del Plata,AR,-38.0023,-57.5575,57.99,93,100,8.08,overcast clouds
69,Atambua,ID,-9.1061,124.8925,79.11,83,100,0.98,light rain
70,Mogocha,RU,53.7333,119.7667,-8.39,86,0,2.24,clear sky
71,Haradok,BY,55.4624,29.9816,24.8,93,90,6.71,light snow
72,Yellowknife,CA,62.456,-114.3525,1.4,85,1,6.91,clear sky
73,Uruzgan,AF,32.8333,66.0,38.53,40,0,5.44,clear sky
74,Nkhata Bay,MW,-11.6066,34.2907,78.8,76,100,8.59,moderate rain
75,Tuktoyaktuk,CA,69.4541,-133.0374,6.8,92,40,8.05,scattered clouds
76,Hualmay,PE,-11.0964,-77.6139,69.46,88,95,5.61,overcast clouds
77,Mweka,CD,-4.85,21.5667,71.8,81,100,1.19,overcast clouds
78,Nigde,TR,37.8333,34.75,43.97,61,69,5.84,broken clouds
79,Innisfail,AU,-17.5333,146.0333,78.26,91,100,3.47,light rain
80,Malmesbury,ZA,-33.4608,18.7271,77.0,68,0,6.91,clear sky
81,La Palma,US,33.8464,-118.0467,51.8,100,75,1.41,fog
82,Jalu,LY,29.0331,21.5482,69.08,32,0,5.53,clear sky
83,Mataura,NZ,-46.1927,168.8643,55.99,78,100,10.0,overcast clouds
84,Rusape,ZW,-18.5278,32.1284,76.78,67,100,2.86,moderate rain
85,Kruisfontein,ZA,-34.0033,24.7314,80.01,71,8,4.0,clear sky
86,Sitka,US,57.0531,-135.33,39.2,87,75,12.66,light rain
87,Airai,TL,-8.9266,125.4092,68.18,100,100,1.28,heavy intensity rain
88,Longyearbyen,SJ,78.2186,15.6401,21.2,68,75,4.61,broken clouds
89,Bethel,US,41.3712,-73.414,23.0,63,1,8.05,clear sky
90,Korla,CN,41.7597,86.1469,21.78,84,31,6.6,scattered clouds
91,Tuatapere,NZ,-46.1333,167.6833,55.99,78,100,10.0,light rain
92,Paamiut,GL,61.994,-49.6678,32.41,85,97,4.05,overcast clouds
93,Ierapetra,GR,35.01,25.7353,63.0,88,58,11.21,broken clouds
94,Omboue,GA,-1.5746,9.2618,79.21,86,72,4.23,broken clouds
95,Lebu,CL,-37.6167,-73.65,51.78,84,37,8.57,scattered clouds
96,Kavaratti,IN,10.5669,72.642,82.89,73,100,7.72,overcast clouds
97,Kahului,US,20.8947,-156.47,73.4,73,75,5.75,broken clouds
98,Lorengau,PG,-2.0226,147.2712,84.04,65,100,4.76,overcast clouds
99,Byron Bay,AU,-28.65,153.6167,75.2,60,75,12.66,broken clouds
100,Port Alfred,ZA,-33.5906,26.891,77.0,85,8,9.1,clear sky
101,Santa Rosa,PH,14.3122,121.1114,82.99,65,75,8.05,broken clouds
102,Ankara,TR,39.9199,32.8543,48.0,93,75,1.14,broken clouds
103,Alofi,NU,-19.0595,-169.9187,78.8,89,1,9.22,clear sky
104,Khatanga,RU,71.9667,102.5,-19.89,88,85,5.91,overcast clouds
105,Ambulu,ID,-8.345,113.6058,81.23,82,100,4.61,overcast clouds
106,Sampit,ID,-2.5333,112.95,82.81,86,100,4.32,moderate rain
107,Bengkulu,ID,-3.8004,102.2655,83.34,66,99,10.07,moderate rain
108,Broken Hill,AU,-31.95,141.4333,91.4,14,0,19.57,clear sky
109,Labuhan,ID,-6.8844,112.2051,85.41,72,100,3.29,moderate rain
110,Watertown,US,42.3709,-71.1828,27.0,54,1,8.05,clear sky
111,Birjand,IR,32.8663,59.2211,48.2,6,0,2.3,clear sky
112,Dhuwaran,IN,22.2333,72.8,78.8,69,20,2.3,haze
113,Mnogovershinnyy,RU,53.9353,139.9242,-21.01,89,99,3.96,overcast clouds
114,Carnarvon,AU,-24.8667,113.6333,93.2,55,77,20.71,broken clouds
115,Cabo San Lucas,MX,22.8909,-109.9124,57.0,76,0,5.59,clear sky
116,Bella Vista,US,36.4295,-94.2316,28.99,86,1,3.22,clear sky
117,Mount Isa,AU,-20.7333,139.5,96.8,21,40,11.5,scattered clouds
118,Bonfim,BR,3.0833,-59.95,74.88,87,95,8.25,overcast clouds
119,Anshun,CN,26.25,105.9333,35.74,76,92,6.31,overcast clouds
120,Waingapu,ID,-9.6567,120.2641,85.05,69,100,4.92,light rain
121,Valparaiso,CL,-33.0393,-71.6273,57.2,88,90,4.61,overcast clouds
122,Kampot,KH,10.6167,104.1833,86.0,48,0,11.5,clear sky
123,Anamur,TR,36.0751,32.8369,53.6,76,40,5.75,scattered clouds
124,Thompson,CA,55.7435,-97.8558,1.4,85,1,2.3,mist
125,Avera,US,33.194,-82.5271,39.2,100,75,5.75,broken clouds
126,Klaksvik,FO,62.2266,-6.589,37.4,87,40,25.32,light snow
127,Ust-Tsilma,RU,65.441,52.1498,-9.89,89,20,2.59,few clouds
128,Limulunga,ZM,-15.0969,23.1376,75.04,78,100,7.09,overcast clouds
129,Gilgit,PK,35.9221,74.3087,37.06,53,0,3.58,clear sky
130,Nome,US,64.5011,-165.4064,1.4,71,90,4.27,overcast clouds
131,Porto Walter,BR,-8.2686,-72.7439,68.63,96,80,1.59,broken clouds
132,Providencia,MX,28.7167,-111.5833,55.99,43,0,1.01,clear sky
133,East London,ZA,-33.0153,27.9116,82.4,65,0,12.66,clear sky
134,Camacha,PT,33.0833,-16.3333,53.6,66,40,23.02,light rain
135,Blagoveshchensk,RU,50.2667,127.5333,-2.2,60,0,2.24,clear sky
136,Tazovskiy,RU,67.4667,78.7,-6.83,92,95,3.74,overcast clouds
137,Isangel,VU,-19.55,169.2667,78.8,100,90,7.23,heavy intensity rain
138,Norman Wells,CA,65.282,-126.8329,10.4,79,40,4.61,scattered clouds
139,Ilhabela,BR,-23.7781,-45.3581,75.61,86,68,1.43,broken clouds
140,Hilo,US,19.7297,-155.09,73.4,78,90,3.4,overcast clouds
141,Saldanha,ZA,-33.0117,17.9442,71.6,73,27,11.5,scattered clouds
142,Mama,RU,58.3106,112.8986,-5.64,84,100,4.74,light snow
143,La Asuncion,VE,11.0333,-63.8628,75.94,87,54,12.03,broken clouds
144,Solnechnyy,RU,50.7214,136.6319,-16.56,85,93,2.73,overcast clouds
145,Atasu,KZ,48.6814,71.6433,-4.31,85,86,4.43,overcast clouds
146,Pochutla,MX,15.7432,-96.4661,71.01,85,47,1.99,scattered clouds
147,Auki,SB,-8.7676,160.7034,80.94,76,81,3.53,broken clouds
148,Atchison,US,39.563,-95.1216,30.0,91,14,3.91,few clouds
149,Clyde River,CA,70.4692,-68.5914,-4.0,77,90,3.44,overcast clouds
150,Monte Alegre,BR,-2.0078,-54.0692,73.44,94,100,3.09,overcast clouds
151,Tambacounda,SN,13.7539,-13.7586,75.2,41,0,2.82,clear sky
152,Makakilo City,US,21.3469,-158.0858,71.6,83,1,5.75,clear sky
153,Port Hedland,AU,-20.3167,118.5667,102.2,29,40,14.97,scattered clouds
154,Ostersund,SE,63.1792,14.6357,6.8,85,34,3.29,scattered clouds
155,Hofn,IS,64.2539,-15.2082,22.12,82,0,21.21,clear sky
156,College,US,64.8569,-147.8028,9.0,77,20,2.64,few clouds
157,Qaanaaq,GL,77.484,-69.3632,1.81,84,100,7.0,overcast clouds
158,Lodingen,NO,68.414,15.9951,24.01,54,32,11.5,scattered clouds
159,Saint-Philippe,RE,-21.3585,55.7679,86.0,62,0,23.02,clear sky
160,Severo-Kurilsk,RU,50.6789,156.125,23.18,87,93,12.46,overcast clouds
161,Motygino,RU,58.1831,94.7592,-9.58,89,100,3.56,overcast clouds
162,Faya,SA,18.3851,42.4509,57.2,47,20,5.75,few clouds
163,Tasiilaq,GL,65.6145,-37.6368,15.8,45,8,4.61,clear sky
164,Sayyan,YE,15.1718,44.3244,55.27,39,0,1.41,clear sky
165,Sungairaya,ID,0.7,108.9,83.5,77,90,6.29,light rain
166,Pedernales,DO,18.0384,-71.744,75.6,60,100,2.44,overcast clouds
167,Ahipara,NZ,-35.1667,173.1667,65.71,87,0,5.55,clear sky
168,Bow Island,CA,49.8668,-111.3684,30.99,86,0,11.5,clear sky
169,Macklin,CA,52.3334,-109.9348,19.4,93,0,16.11,clear sky
170,Changping,CN,40.2186,116.2197,33.8,19,0,17.9,clear sky
171,Chokurdakh,RU,70.6333,147.9167,-20.0,88,98,3.49,overcast clouds
172,Khatassy,RU,61.9036,129.6383,-41.8,60,90,0.51,fog
173,Tamiahua,MX,21.2667,-97.45,67.44,67,100,3.56,overcast clouds
174,Sambava,MG,-14.2667,50.1667,84.69,62,11,8.61,few clouds
175,Pisco,PE,-13.7,-76.2167,68.0,83,0,6.91,clear sky
176,Kigoma,TZ,-4.8769,29.6267,66.2,100,90,6.93,moderate rain
177,Niksar,TR,40.5917,36.9517,56.23,41,88,9.06,overcast clouds
178,Geraldton,AU,-28.7667,114.6,87.8,33,77,18.41,broken clouds
179,Constitucion,CL,-35.3333,-72.4167,50.95,86,93,9.17,overcast clouds
180,Natal,BR,-5.795,-35.2094,78.8,83,20,6.91,few clouds
181,Leningradskiy,RU,69.3833,178.4167,-20.81,80,0,2.89,clear sky
182,Ponta Do Sol,PT,32.6667,-17.1,50.0,75,52,3.0,light rain
183,Antofagasta,CL,-23.65,-70.4,64.4,88,20,2.3,few clouds
184,Shenjiamen,CN,29.9576,122.298,36.73,70,4,21.23,clear sky
185,Sola,VU,-13.8833,167.55,84.2,79,90,10.36,moderate rain
186,Sabla,NG,12.7525,4.7077,78.91,18,41,15.17,scattered clouds
187,Ouadda,CF,8.0777,22.4007,82.69,19,59,6.17,broken clouds
188,Kavieng,PG,-2.5744,150.7967,83.5,74,100,12.17,overcast clouds
189,Freeport,US,40.6576,-73.5832,30.2,55,1,12.66,clear sky
190,Flin Flon,CA,54.7682,-101.865,12.9,95,0,4.25,clear sky
191,Katsuura,JP,35.1333,140.3,45.0,21,0,8.01,clear sky
192,Horsham,GB,51.064,-0.3272,33.8,93,75,8.05,broken clouds
193,Vilyuysk,RU,63.7553,121.6247,-25.11,86,100,4.09,overcast clouds
194,Chingirlau,KZ,51.095,54.0814,24.46,98,100,14.27,snow
195,Dikson,RU,73.5069,80.5464,-13.9,88,0,8.41,clear sky
196,Benito Juarez,MX,19.385,-99.165,57.2,58,75,5.75,broken clouds
197,Homer,US,59.6425,-151.5483,37.4,81,90,9.22,light rain
198,Cayenne,GF,4.9333,-52.3333,71.6,100,0,2.3,clear sky
199,Batagay-Alyta,RU,67.8006,130.4114,-17.36,85,100,4.34,overcast clouds
200,Saint-Pierre,RE,-21.3393,55.4781,86.0,62,0,23.02,clear sky
201,Polunochnoye,RU,60.8697,60.4153,-6.45,92,90,1.43,overcast clouds
202,Mitsamiouli,KM,-11.3847,43.2844,83.19,76,1,12.24,light rain
203,Half Moon Bay,US,37.4636,-122.4286,48.2,93,1,5.75,mist
204,Tucuman,AR,-26.8241,-65.2226,71.6,88,20,6.91,few clouds
205,Avarua,CK,-21.2078,-159.775,80.6,74,20,4.61,few clouds
206,Victoria,HK,22.2855,114.1577,54.0,32,21,1.01,few clouds
207,Port Hawkesbury,CA,45.6169,-61.3485,26.01,93,90,12.66,light snow
208,Aitape,PG,-3.1374,142.3475,83.79,73,97,4.12,overcast clouds
209,Chuy,UY,-33.6971,-53.4616,61.34,85,0,3.78,clear sky
210,Biak,ID,-0.9131,122.8766,83.28,72,100,0.76,light rain
211,Resistencia,AR,-27.4606,-58.9839,75.99,83,0,4.61,clear sky
212,Caravelas,BR,-17.7125,-39.2481,76.26,84,13,8.34,few clouds
213,Barra Do Corda,BR,-5.5,-45.25,71.76,97,78,1.95,moderate rain
214,Baghdad,IQ,33.3406,44.4009,53.6,54,0,3.44,clear sky
215,Copala,MX,16.65,-98.9833,73.36,82,77,4.56,broken clouds
216,Victoria Point,AU,-27.5833,153.3,73.99,71,77,7.0,light rain
217,Callaway,US,30.153,-85.5699,42.01,77,33,4.0,scattered clouds
218,Beringovskiy,RU,63.05,179.3167,-20.61,85,4,9.44,clear sky
219,Krasnyy Oktyabr,RU,56.1167,38.8833,19.98,97,99,7.43,overcast clouds
220,Linxia,CN,35.6003,103.2064,23.41,71,100,2.64,overcast clouds
221,Sosnovo-Ozerskoye,RU,52.5249,111.5418,-0.27,91,14,8.88,few clouds
222,Guanare,VE,9.0418,-69.7421,71.15,95,100,3.78,overcast clouds
223,Narsaq,GL,60.9167,-46.05,41.0,42,90,28.77,light snow
224,Pangnirtung,CA,66.1451,-65.7125,6.58,75,100,0.78,overcast clouds
225,Portland,US,45.5234,-122.6762,39.99,100,20,1.43,fog
226,Berdigestyakh,RU,62.0989,126.6992,-27.4,84,100,3.53,overcast clouds
227,Kodiak,US,57.79,-152.4072,32.0,80,90,10.36,light snow
228,Srandakan,ID,-7.9386,110.2506,83.55,73,100,7.31,overcast clouds
229,Ribeira Grande,PT,38.5167,-28.7,53.6,71,20,6.91,few clouds
230,Zeya,RU,53.75,127.2667,-12.73,86,93,0.74,overcast clouds
231,Roebourne,AU,-20.7833,117.1333,99.81,28,75,11.23,broken clouds
232,Baker City,US,44.7749,-117.8344,30.2,93,90,3.4,mist
233,Vanimo,PG,-2.6741,141.3028,83.12,75,100,4.27,overcast clouds
234,Prieska,ZA,-29.6641,22.7474,90.12,32,0,18.81,clear sky
235,Lima,PE,-12.0432,-77.0282,68.0,88,90,10.36,overcast clouds
236,Saint-Augustin,CA,51.226,-58.6502,36.82,80,100,15.55,overcast clouds
237,Westport,US,41.1415,-73.3579,26.6,63,1,6.91,clear sky
238,Plettenberg Bay,ZA,-34.0527,23.3716,76.87,66,0,6.98,clear sky
239,Kostyantynivka,UA,48.5277,37.7069,35.33,94,100,10.49,snow
240,Vesyegonsk,RU,58.664,37.2604,-0.78,93,75,5.59,broken clouds
241,Teguise,ES,29.0605,-13.564,55.4,82,75,6.91,light rain
242,Waddan,LY,29.1614,16.139,72.61,21,0,5.28,clear sky
243,Berlevag,NO,70.8578,29.0864,18.57,92,26,18.99,scattered clouds
244,Rangkasbitung,ID,-6.3591,106.2494,84.0,94,90,6.91,light rain
245,Masumbwe,TZ,-3.6333,32.1833,68.43,85,100,9.31,overcast clouds
246,Cidreira,BR,-30.1811,-50.2056,72.41,61,0,10.38,clear sky
247,Mangrol,IN,21.1167,70.1167,80.44,45,0,10.11,clear sky
248,Grand Forks,US,47.9417,-97.4337,28.4,100,90,2.35,light snow
249,Port Hardy,CA,50.6996,-127.4199,44.6,93,20,6.91,few clouds
250,Mwense,ZM,-10.3845,28.698,72.01,82,100,4.83,overcast clouds
251,Zyryanka,RU,65.75,150.85,-27.36,86,99,2.28,overcast clouds
252,Turbat,PK,26.0023,63.044,68.77,16,0,21.72,clear sky
253,Emporia,US,38.4039,-96.1817,24.8,86,1,4.61,clear sky
254,Tomar Do Geru,BR,-11.3733,-37.8406,69.78,98,100,4.25,overcast clouds
255,Tahe,CN,52.3333,124.7333,-3.91,85,0,7.14,clear sky
256,Tombouctou,ML,20.0,-3.0,73.8,18,0,5.55,clear sky
257,Tyrma,RU,50.0833,132.1667,-18.69,83,58,2.66,broken clouds
258,Dingle,PH,10.9995,122.6711,77.59,90,96,17.27,moderate rain
259,Itarema,BR,-2.9248,-39.9167,78.55,79,59,12.44,broken clouds
260,Zhigansk,RU,66.7697,123.3711,-31.7,84,100,3.85,overcast clouds
261,Keokuk,US,40.3973,-91.3849,26.6,100,90,3.44,overcast clouds
262,Savigliano,IT,44.644,7.6559,28.99,86,90,4.61,overcast clouds
263,Mishelevka,RU,52.8575,103.1719,0.68,90,86,2.75,overcast clouds
264,Dwarka,IN,22.2394,68.9678,74.23,38,0,17.63,clear sky
265,Faanui,PF,-16.4833,-151.75,81.63,69,35,8.25,scattered clouds
266,Luanda,AO,-8.8368,13.2343,78.8,73,75,4.61,broken clouds
267,Hamilton,US,39.1834,-84.5333,30.99,69,90,10.36,overcast clouds
268,Touros,BR,-5.1989,-35.4608,77.0,83,20,6.91,few clouds
269,Ballina,AU,-28.8667,153.5667,75.2,60,75,12.66,broken clouds
270,Palmas,BR,-10.2128,-48.3603,73.4,100,75,4.61,light rain
271,Sao Gabriel Da Cachoeira,BR,-0.1303,-67.0892,69.93,99,100,2.15,heavy intensity rain
272,Qui Nhon,VN,13.7667,109.2333,69.82,86,100,17.22,light rain
273,Waren,DE,53.5167,12.6833,30.99,99,97,4.43,overcast clouds
274,Fallon,US,39.4735,-118.7774,28.4,64,20,3.44,few clouds
275,Barrow,US,71.2906,-156.7887,-4.0,77,90,3.44,overcast clouds
276,Kachug,RU,53.9606,105.8817,-5.91,87,26,1.88,scattered clouds
277,Bireun,ID,5.203,96.7009,81.93,74,100,6.31,moderate rain
278,Asyut,EG,27.181,31.1837,51.8,87,90,6.91,fog
279,Bathsheba,BB,13.2167,-59.5167,78.8,83,40,19.57,scattered clouds
280,Acapulco,MX,16.8634,-99.8901,73.94,75,60,5.12,broken clouds
281,Adeje,ES,28.1227,-16.726,55.4,76,20,6.91,few clouds
282,Torbay,CA,47.6666,-52.7314,36.0,93,90,23.02,overcast clouds
283,Pokhara,NP,28.2333,83.9833,76.57,24,100,6.71,overcast clouds
284,Arraial Do Cabo,BR,-22.9661,-42.0278,75.79,90,68,2.37,broken clouds
285,Chabahar,IR,25.2919,60.643,66.02,24,0,4.41,clear sky
286,Boddam,GB,57.4667,-1.7833,19.4,93,62,2.3,broken clouds
287,Lashio,MM,22.9333,97.75,79.61,42,7,4.76,clear sky
288,Puerto Escondido,MX,15.85,-97.0667,74.12,75,0,4.88,clear sky
289,Frederikshavn,DK,57.4407,10.5366,34.0,93,90,3.44,overcast clouds
290,Liusha,CN,27.2098,108.59,38.84,61,85,5.39,overcast clouds
291,Whitehorse,CA,60.7161,-135.0538,26.6,86,90,21.85,light snow
292,Bay Roberts,CA,47.5999,-53.2648,36.0,1,100,17.72,overcast clouds
293,Tezu,IN,27.9167,96.1667,79.88,25,4,3.2,clear sky
294,San Policarpo,PH,12.1791,125.5072,80.38,86,13,13.13,few clouds
295,Surt,LY,31.2089,16.5887,70.23,42,0,13.73,clear sky
296,Anadyr,RU,64.75,177.4833,-29.0,68,40,11.18,scattered clouds
297,Vao,NC,-22.6667,167.4833,77.95,88,100,19.15,overcast clouds
298,Beni,CD,0.5,29.4667,80.47,50,68,1.77,broken clouds
299,Uribia,CO,11.7139,-72.266,77.45,81,98,10.38,overcast clouds
300,Sao Joao Da Barra,BR,-21.6403,-41.0511,75.27,92,3,7.18,clear sky
301,Pevek,RU,69.7008,170.3133,-21.46,88,42,3.74,scattered clouds
302,Wilmington,US,34.2257,-77.9447,39.2,87,90,11.5,overcast clouds
303,Vallenar,CL,-28.5708,-70.7581,58.19,79,0,1.16,clear sky
304,Boali,CF,4.8005,18.1275,78.8,89,40,5.75,scattered clouds
305,Saint-Georges,GD,12.0564,-61.7485,78.8,83,20,8.05,few clouds
306,Iqaluit,CA,63.7506,-68.5145,5.0,72,90,8.05,light snow
307,Vardo,NO,70.3705,31.1107,21.97,95,86,15.32,overcast clouds
308,Guerrero Negro,MX,27.9769,-114.0611,57.79,82,0,9.75,clear sky
309,Esperance,AU,-33.8667,121.9,95.0,24,87,17.27,overcast clouds
310,Tucumcari,US,35.1717,-103.725,21.2,68,1,3.44,clear sky
311,Vila,PT,42.0304,-8.1588,26.01,83,21,7.45,few clouds
312,Claremore,US,36.3126,-95.6161,28.99,86,1,1.03,clear sky
313,Gat,IL,31.61,34.7642,70.0,47,0,3.0,clear sky
314,Port Lincoln,AU,-34.7333,135.8667,75.69,53,0,12.28,clear sky
315,Irbeyskoye,RU,55.6428,95.4522,1.47,90,100,2.3,overcast clouds
316,Koumac,NC,-20.5667,164.2833,84.24,76,100,2.68,moderate rain
317,Dalbandin,PK,28.8947,64.4101,47.52,40,0,9.86,clear sky
318,Port Augusta,AU,-32.5,137.7667,97.0,24,0,14.97,clear sky
319,Xining,CN,36.6167,101.7667,22.87,69,85,3.76,overcast clouds
320,Jamame,SO,0.0722,42.7506,88.83,44,0,15.32,clear sky
321,Kingsteignton,GB,50.55,-3.5833,34.0,92,96,3.0,overcast clouds
322,Yarensk,RU,62.1675,49.0916,5.4,94,86,5.5,overcast clouds
323,Limbang,MY,4.75,115.0,86.0,74,75,11.5,broken clouds
324,Morris,US,40.8334,-74.5329,28.0,54,1,5.75,clear sky
325,Mae Hong Son,TH,19.3003,97.9685,86.0,51,20,3.44,few clouds
326,Yinchuan,CN,38.4681,106.2731,18.95,50,100,3.4,overcast clouds
327,Haicheng,CN,40.8516,122.7475,13.42,71,0,3.83,clear sky
328,Stykkisholmur,IS,65.0757,-22.7297,22.21,87,81,15.75,broken clouds
329,Harper,LR,4.375,-7.7169,80.29,80,0,4.99,clear sky
330,Pundaguitan,PH,6.3711,126.1689,82.8,73,1,6.33,clear sky
331,Kumluca,TR,36.3703,30.2869,62.69,67,19,2.55,few clouds
332,Mildura,AU,-34.2,142.15,95.0,14,0,10.36,clear sky
333,Alice Springs,AU,-23.7,133.8833,93.2,20,40,13.8,scattered clouds
334,Novyy Yarychiv,UA,49.9044,24.3052,30.2,93,75,8.95,broken clouds
335,Mehamn,NO,71.0357,27.8492,16.09,91,2,12.86,clear sky
336,Smithers,CA,54.7804,-127.1743,23.0,93,75,5.75,broken clouds
337,Deputatskiy,RU,69.3,139.9,-19.8,89,100,1.97,overcast clouds
338,Alamosa,US,37.4695,-105.87,12.2,92,1,3.44,clear sky
339,Ballybofey,IE,54.8,-7.7833,31.46,96,88,5.35,overcast clouds
340,Kendari,ID,-3.945,122.4989,85.28,70,99,5.46,overcast clouds
341,Shipunovo,RU,52.1582,82.2173,-4.18,88,97,12.39,overcast clouds
342,Santa Cruz,BO,-17.8,-63.1667,73.4,88,64,6.91,broken clouds
343,Sal Rei,CV,16.1833,-22.9167,71.6,73,40,14.97,scattered clouds
344,Tomatlan,MX,19.9333,-105.25,66.25,80,13,1.63,few clouds
345,Sistranda,NO,63.7256,8.834,26.6,80,40,26.46,scattered clouds
346,Awbari,LY,26.5921,12.7805,70.88,22,0,9.51,clear sky
347,Tigil,RU,57.8,158.6667,2.53,94,100,0.45,light snow
348,Gouyave,GD,12.1646,-61.7296,78.8,83,20,8.05,light rain
349,Padang,ID,-0.9492,100.3543,84.2,65,75,3.44,moderate rain
350,Riyadh,SA,24.6877,46.7219,57.2,82,0,2.3,haze
351,Ulaangom,MN,49.9811,92.0667,-22.36,83,100,2.17,overcast clouds
352,Nouadhibou,MR,20.931,-17.0347,62.6,88,0,8.05,clear sky
353,Brownfield,US,33.1812,-102.2744,30.2,93,90,3.06,mist
354,Boa Vista,BR,2.8197,-60.6733,77.0,88,75,2.3,light rain
355,Mount Gambier,AU,-37.8333,140.7667,84.2,24,40,13.8,scattered clouds
356,Talnakh,RU,69.4865,88.3972,-14.13,88,100,1.88,overcast clouds
357,Nioro,GM,13.35,-15.75,65.71,70,0,6.24,clear sky
358,Isla Vista,US,34.4133,-119.861,57.99,47,1,3.44,clear sky
359,Bagdarin,RU,54.4333,113.6,-5.03,84,100,4.5,overcast clouds
360,Newport,GB,51.5877,-2.9984,34.0,95,28,1.01,scattered clouds
361,San Andres,CO,12.5847,-81.7006,80.6,78,20,8.05,few clouds
362,Rundu,NA,-17.9333,19.7667,76.23,74,100,5.28,overcast clouds
363,Teya,RU,60.3778,92.6267,-1.82,87,100,8.01,overcast clouds
364,Karaman,TR,37.0833,33.25,46.56,60,100,15.93,overcast clouds
365,Virginia Beach,US,36.8529,-75.978,39.99,85,100,1.99,overcast clouds
366,Marawi,PH,7.9986,124.2928,82.99,83,100,4.0,overcast clouds
367,Moranbah,AU,-22.0016,148.0466,71.87,89,100,23.82,overcast clouds
368,Erdenet,MN,49.0333,104.0833,-2.61,87,33,4.34,scattered clouds
369,Tessalit,ML,20.1986,1.0114,76.71,17,0,11.39,clear sky
370,Timra,SE,62.487,17.3257,26.01,93,90,1.77,overcast clouds
371,Campos Belos,BR,-13.0367,-46.7717,69.31,82,14,3.49,few clouds
372,Mackay,AU,-21.15,149.2,77.0,88,90,17.27,moderate rain
373,San Rafael,AR,-34.6177,-68.3301,65.48,62,85,5.55,overcast clouds
374,Chernyshevskiy,RU,63.0128,112.4714,-6.63,92,100,5.23,overcast clouds
375,Muswellbrook,AU,-32.2667,150.9,73.99,53,0,10.0,clear sky
376,Roma,US,43.2128,-75.4557,12.0,78,1,4.38,clear sky
377,Shu,KZ,43.5983,73.7614,17.01,81,0,1.01,clear sky
378,Sfantu Gheorghe,RO,45.8667,25.7833,30.99,94,50,1.97,scattered clouds
379,Provideniya,RU,64.3833,-173.3,-7.01,82,7,5.84,clear sky
380,Mecca,SA,21.4267,39.8261,79.43,40,0,4.41,clear sky
381,Wanning,CN,18.8003,110.3967,61.84,71,64,14.2,broken clouds
382,Mayumba,GA,-3.432,10.6554,80.56,75,45,3.09,scattered clouds
383,Tibati,CM,6.4667,12.6333,79.0,18,99,3.11,overcast clouds
384,Havre-Saint-Pierre,CA,50.2334,-63.5986,28.4,86,90,6.91,overcast clouds
385,Sibut,CF,5.718,19.0739,84.72,42,47,4.97,scattered clouds
386,Lokosovo,RU,61.1333,74.8167,-6.3,91,83,3.31,broken clouds
387,Coihaique,CL,-45.5752,-72.0662,48.2,87,75,2.3,light rain
388,Umm Lajj,SA,25.0213,37.2685,81.75,39,0,11.07,clear sky
389,Pasighat,IN,28.0667,95.3333,76.93,33,42,3.38,scattered clouds
390,Raga,SS,8.4596,25.678,81.93,19,54,8.93,broken clouds
391,Henties Bay,NA,-22.116,14.2845,64.58,87,100,6.53,overcast clouds
392,Yatou,CN,37.15,122.3833,23.49,92,87,10.96,overcast clouds
393,Vredendal,ZA,-31.6683,18.5012,68.32,72,100,4.0,overcast clouds
394,Furukawa,JP,38.5717,140.9556,32.0,55,20,2.3,few clouds
395,Mutoko,ZW,-17.397,32.2268,70.75,86,100,4.32,moderate rain
396,Gizo,SB,-8.103,156.8419,84.63,73,4,10.42,clear sky
397,San Jose,US,37.3394,-121.895,50.0,93,75,4.61,mist
398,Lompoc,US,34.6391,-120.4579,55.0,93,20,7.43,mist
399,Bongandanga,CD,1.5,21.05,81.81,65,100,4.25,overcast clouds
400,Alyangula,AU,-13.8483,136.4192,89.6,62,68,8.05,broken clouds
401,Derzhavinsk,KZ,51.1,66.3167,4.78,87,100,14.23,overcast clouds
402,Quang Ngai,VN,15.1167,108.8,65.66,89,100,8.05,light rain
403,Lethem,GY,3.3803,-59.7968,74.21,88,99,5.99,overcast clouds
404,Richards Bay,ZA,-28.783,32.0377,84.6,55,8,8.03,clear sky
405,Remanso,BR,-9.6179,-42.0831,77.94,59,71,5.37,broken clouds
406,Naze,JP,28.3667,129.4833,50.0,76,75,14.97,broken clouds
407,Khandyga,RU,62.6667,135.6,-34.49,83,100,2.13,overcast clouds
408,Hervey Bay,AU,-25.2986,152.8535,68.0,94,90,12.66,light rain
409,Kieta,PG,-6.2167,155.6333,81.9,70,56,3.69,broken clouds
410,Barpathar,IN,26.3,93.8667,73.4,53,6,4.47,haze
411,Tukrah,LY,32.5341,20.5791,71.47,40,0,15.5,clear sky
412,Hambantota,LK,6.1241,81.1185,78.8,100,90,5.75,light rain
413,Ilo,PE,-17.6394,-71.3375,69.66,81,85,7.63,overcast clouds
414,Tiszanana,HU,47.5667,20.5333,30.0,100,40,4.61,mist
415,Alindao,CF,5.0267,21.2088,84.9,55,99,3.65,overcast clouds
416,Pontalina,BR,-17.525,-49.4472,71.22,74,93,2.77,overcast clouds
417,Mananjary,MG,-21.2167,48.3333,85.3,63,42,9.48,scattered clouds
418,Palimbang,PH,6.2106,124.1894,82.71,74,90,2.39,overcast clouds
419,Beberibe,BR,-4.1797,-38.1306,80.6,78,40,9.22,scattered clouds
420,Grindavik,IS,63.8424,-22.4338,26.6,59,75,21.85,light snow
421,Tiznit,MA,29.5833,-9.5,48.16,82,67,7.36,light rain
422,High Level,CA,58.5169,-117.136,-0.4,85,1,3.44,clear sky
423,Namatanai,PG,-3.6667,152.4333,81.79,74,97,9.24,overcast clouds
424,Tabora,TZ,-5.0167,32.8,68.0,88,75,11.5,moderate rain
425,Whitehaven,GB,54.549,-3.5841,28.99,89,69,5.61,broken clouds
426,Codrington,AU,-38.2667,141.9667,67.15,68,0,12.12,clear sky
427,Pacific Grove,US,36.6177,-121.9166,52.0,93,1,4.61,clear sky
428,Gaborone,BW,-24.6545,25.9086,77.0,69,0,4.61,clear sky
429,San Felipe,VE,10.3399,-68.7425,70.81,92,100,1.12,overcast clouds
430,Esik,KZ,43.3552,77.4525,12.2,85,40,4.47,mist
431,Hokitika,NZ,-42.7167,170.9667,60.15,85,72,9.4,broken clouds
432,Sakakah,SA,29.9697,40.2064,55.4,47,0,9.22,clear sky
433,Praia Da Vitoria,PT,38.7333,-27.0667,55.4,94,40,4.23,scattered clouds
434,Port-Gentil,GA,-0.7193,8.7815,80.6,94,40,2.3,scattered clouds
435,Alta Floresta,BR,-9.8756,-56.0861,71.26,88,100,1.66,overcast clouds
436,Port Keats,AU,-14.25,129.55,88.66,66,76,9.01,broken clouds
437,Los Llanos De Aridane,ES,28.6585,-17.9182,57.2,77,40,14.97,scattered clouds
438,Tiksi,RU,71.6872,128.8694,-17.0,89,100,13.22,overcast clouds
439,Carutapera,BR,-1.195,-46.02,78.01,83,46,7.11,scattered clouds
440,Saint Anthony,US,45.0205,-93.218,15.8,92,90,3.44,mist
441,Shubarshi,KZ,48.5872,57.1869,29.35,95,100,17.2,overcast clouds
442,Tetouan,MA,35.5711,-5.3724,51.8,76,75,18.41,broken clouds
443,Manzanillo,CU,20.3433,-77.1167,69.48,86,1,2.04,clear sky
444,Vuktyl,RU,63.8567,57.3094,-5.58,90,0,4.41,clear sky
445,Pandan,PH,14.0453,124.1694,75.74,87,100,27.11,light rain
446,Trapani,IT,37.8333,12.6667,62.01,67,75,24.16,broken clouds
447,Simbahan,PH,6.3032,120.5836,82.38,70,94,2.57,overcast clouds
448,Karratha,AU,-20.7377,116.8463,98.98,31,53,10.42,broken clouds
449,Dawlatabad,AF,36.4141,64.9053,29.37,85,0,2.93,clear sky
450,Atbasar,KZ,51.8,68.3333,3.87,88,100,10.74,overcast clouds
451,Tam Ky,VN,15.5667,108.4833,66.2,72,75,8.05,light rain
452,Mingguang,CN,32.7802,117.9638,35.56,60,0,6.98,clear sky
453,Tubuala,PA,9.5167,-79.0333,75.2,88,40,12.66,scattered clouds
454,Kabarnet,KE,0.4919,35.743,75.94,32,52,6.46,broken clouds
455,Kysyl-Syr,RU,63.8986,122.7617,-29.54,83,100,3.98,overcast clouds
456,Mongomo,GQ,1.6274,11.3135,74.32,81,68,2.48,broken clouds
457,Upington,ZA,-28.4478,21.2561,86.0,45,0,2.3,clear sky
458,Ambilobe,MG,-13.2,49.05,88.47,59,0,4.36,clear sky
459,Dunedin,NZ,-45.8742,170.5036,57.0,76,100,1.01,overcast clouds
460,Pesochnoye,RU,58.006,39.1772,9.12,95,85,6.26,snow
461,San Luis,AR,-33.295,-66.3356,60.44,76,7,4.79,clear sky
462,Souillac,MU,-20.5167,57.5167,84.2,74,40,10.36,scattered clouds
463,Sovetskaya Gavan,RU,48.9723,140.2878,-7.19,77,59,7.0,broken clouds
464,Ambovombe,MG,-25.1667,46.0833,89.85,51,0,7.09,clear sky
465,Santo Angelo,BR,-28.2992,-54.2631,64.4,88,0,10.36,clear sky
466,Santa Marta,CO,11.2408,-74.199,82.99,70,100,11.39,overcast clouds
467,Jiazi,CN,22.8779,116.067,56.16,34,29,10.27,scattered clouds
468,Nizwa,OM,22.9333,57.5333,69.28,19,0,2.39,clear sky
469,Waitati,NZ,-45.75,170.5667,57.0,76,100,1.01,overcast clouds
470,Urengoy,RU,65.9667,78.3667,-15.79,89,82,2.3,broken clouds
471,Ankazoabo,MG,-22.2833,44.5167,93.97,38,0,6.04,clear sky
472,Ostrovnoy,RU,68.0531,39.5131,9.32,93,99,9.71,overcast clouds
473,Baykit,RU,61.67,96.37,-6.39,83,100,2.13,overcast clouds
474,Kariba,ZW,-16.5167,28.8,80.44,76,100,1.63,moderate rain
475,Basco,PH,20.4487,121.9702,65.61,80,98,30.76,overcast clouds
476,Mancio Lima,BR,-7.6142,-72.8958,70.0,92,68,2.13,broken clouds
477,Hammond,US,41.5834,-87.5,32.0,74,90,5.75,overcast clouds
478,Registro,BR,-24.4875,-47.8436,71.89,98,89,0.98,overcast clouds
479,Chicama,PE,-7.8447,-79.1469,69.31,86,94,5.23,overcast clouds
480,Puerto Madryn,AR,-42.7692,-65.0385,65.41,33,0,21.63,clear sky
481,Verkhnyaya Inta,RU,65.9811,60.3094,-5.93,91,35,7.63,scattered clouds
482,Panzhihua,CN,26.5851,101.7128,65.88,35,16,1.92,few clouds
483,Vostok,RU,46.4856,135.8833,-17.63,88,99,2.77,overcast clouds
484,Chapais,CA,49.7834,-74.8492,8.6,85,1,4.61,clear sky
485,Baiyin,CN,36.5583,104.2081,21.2,30,0,2.24,clear sky
486,Mirnyy,RU,62.5353,113.9611,-3.77,91,100,7.38,overcast clouds
487,Severnoye,RU,56.3491,78.3619,-2.83,91,100,14.16,overcast clouds
488,Barcelona,ES,41.3888,2.159,44.01,87,75,19.57,light rain
489,Consolacion Del Sur,CU,22.5047,-83.5136,66.18,80,56,6.58,broken clouds
490,Jieshi,CN,22.8134,115.8257,57.0,22,26,3.0,scattered clouds
491,Gusev,RU,54.5922,22.1997,25.97,98,100,5.3,overcast clouds
492,Paraiso,CR,9.8383,-83.8656,68.0,73,0,9.22,clear sky
493,Stephenville,US,32.2207,-98.2023,33.01,86,1,3.44,clear sky
494,Gladstone,AU,-23.85,151.25,75.2,69,40,14.97,light rain
495,Mehran,IR,33.1222,46.1646,50.0,25,0,4.61,clear sky
496,Walvis Bay,NA,-22.9575,14.5053,68.0,77,90,12.66,overcast clouds
497,Ketou,BJ,7.3633,2.5998,80.94,73,98,4.81,overcast clouds
498,Waipawa,NZ,-41.4122,175.5153,64.99,72,40,4.61,scattered clouds
499,Santa Comba,ES,43.0331,-8.8093,37.99,90,5,1.99,clear sky
500,Sindor,RU,62.8629,51.8905,3.6,94,90,5.7,overcast clouds
501,San Cristobal,VE,7.7669,-72.225,64.04,84,91,1.54,moderate rain
502,Madarounfa,NE,13.3087,7.156,64.4,32,0,11.5,clear sky
503,Okmulgee,US,35.6234,-95.9605,30.81,95,0,1.01,clear sky
504,Vestmannaeyjar,IS,63.4427,-20.2734,24.06,88,0,29.17,clear sky
505,Nador,MA,35.174,-2.9287,55.4,94,75,4.61,mist
506,Ursulo Galvan,MX,22.7333,-98.3,64.0,76,9,3.22,clear sky
507,Cutro,IT,39.0353,16.9819,50.0,81,75,9.22,broken clouds
508,Trairi,BR,-3.2778,-39.2689,79.03,78,62,10.94,broken clouds
509,Dobrinka,RU,52.1653,40.4731,27.54,98,100,5.21,overcast clouds
510,Jumla,NP,29.2747,82.1838,60.01,25,95,6.17,overcast clouds
511,Dustlik,UZ,40.5247,68.0358,32.18,84,0,4.63,clear sky
512,Hay River,CA,60.8156,-115.7999,17.6,79,45,6.91,scattered clouds
513,Killybegs,IE,54.6333,-8.45,33.01,93,90,5.01,overcast clouds
514,Lillooet,CA,50.6856,-121.942,34.0,100,90,2.3,mist
515,Lodwar,KE,3.1191,35.5973,90.19,30,30,11.05,scattered clouds
516,Petropavlovsk-Kamchatskiy,RU,53.0452,158.6483,1.4,71,0,4.47,clear sky
517,Skibbereen,IE,51.55,-9.2667,28.4,80,0,9.22,clear sky
518,Atherton,GB,53.5237,-2.4935,33.01,84,1,1.01,clear sky
519,La Rioja,ES,42.25,-2.5,32.0,93,40,4.61,snow
520,Brzeziny,PL,51.8002,19.7514,33.01,93,90,6.91,light snow
521,Jaisalmer,IN,26.9147,70.9181,70.93,23,0,18.54,clear sky
522,Lasa,IT,46.6166,10.7002,21.2,72,0,6.91,clear sky
523,Griffith,US,41.5284,-87.4237,32.0,74,90,5.75,overcast clouds
524,Mizdah,LY,31.4451,12.9801,66.42,33,0,8.43,clear sky
525,Karlskrona,SE,56.1616,15.5866,32.0,100,75,5.75,light snow
526,Yakuplu,TR,40.9889,28.6758,50.0,93,75,13.8,light rain
527,San Isidro,PE,-12.1167,-77.05,68.0,88,90,10.36,overcast clouds
528,Kankon,IN,15.0167,74.0167,87.8,58,75,4.61,broken clouds
529,Plouzane,FR,48.3833,-4.6167,32.0,86,0,5.75,clear sky
530,Smidovich,RU,48.6,133.8167,-10.77,74,0,3.78,clear sky
531,Coahuayana,MX,18.7333,-103.6833,69.8,73,1,8.05,clear sky
532,Luderitz,NA,-26.6481,15.1594,70.34,60,25,7.09,scattered clouds
533,Hanmer Springs,NZ,-42.5167,172.8167,57.72,80,2,1.36,clear sky
534,Kupang,ID,-10.1667,123.5833,80.6,94,75,4.61,broken clouds
535,Aklavik,CA,68.2191,-135.0107,10.4,92,99,3.44,overcast clouds
536,Parkes,AU,-33.1333,148.1833,84.0,28,2,1.99,clear sky
537,Poitiers,FR,46.5833,0.3333,30.99,93,90,13.8,overcast clouds
538,Tarrega,ES,41.647,1.1396,37.0,96,100,12.35,light snow
539,Bo Rai,TH,12.5728,102.5371,91.4,40,0,12.66,clear sky
540,Klyuchi,RU,52.2667,79.1667,-6.88,88,100,10.65,overcast clouds
541,Fairbanks,US,64.8378,-147.7164,9.0,77,40,1.14,scattered clouds
542,Batagay,RU,67.6333,134.6333,-20.99,86,100,1.52,overcast clouds
543,Nacala,MZ,-14.5428,40.6728,84.2,74,40,11.5,scattered clouds
544,Iskateley,RU,67.6803,53.1512,1.56,94,96,4.65,overcast clouds
545,Tilichiki,RU,60.4667,166.1,-7.51,86,0,10.16,clear sky
546,Jizan,SA,17.3333,42.6667,80.6,65,40,11.5,scattered clouds
547,Road Town,VG,18.4167,-64.6167,75.99,85,100,5.99,overcast clouds
548,Hit,IQ,33.6416,42.8251,58.55,31,100,3.96,overcast clouds
549,Te Anau,NZ,-45.4167,167.7167,54.81,83,100,3.8,overcast clouds
550,Ketchikan,US,55.3422,-131.6461,36.39,87,100,7.36,light rain
551,Bissora,GW,12.2231,-15.4475,68.0,94,0,2.3,clear sky
552,Kant,IN,27.8,79.8,81.19,39,0,10.27,clear sky
553,Nara,JP,34.6851,135.8049,39.99,44,40,16.11,scattered clouds
554,Havelock,US,34.8791,-76.9013,37.4,93,90,19.57,mist
555,Akyab,MM,20.15,92.9,80.8,58,65,6.87,broken clouds
556,Palmer,US,42.1584,-72.3287,25.0,58,1,6.91,clear sky
557,Bathurst,AU,-33.4166,149.5806,77.0,41,6,3.0,clear sky
558,Montecristi,EC,-1.05,-80.6667,77.0,83,90,4.61,light rain
559,Koygorodok,RU,60.445,50.9968,12.04,96,86,4.5,overcast clouds
560,Amapa,BR,1.0,-52.0,70.84,98,82,2.13,broken clouds
561,Komsomolskiy,UZ,40.4272,71.7189,24.8,68,40,4.61,mist
562,Algiers,DZ,36.7525,3.042,60.8,67,40,9.22,scattered clouds
563,Sinjar,IQ,36.3209,41.8754,54.0,37,100,2.75,overcast clouds
564,Bull Savanna,JM,17.8868,-77.5902,70.95,84,71,4.94,broken clouds
565,Qaqortoq,GL,60.7167,-46.0333,41.0,42,90,28.77,light snow
566,Odweyne,SO,9.4092,45.064,74.41,26,1,15.46,clear sky
567,Kuliyapitiya,LK,7.4688,80.0401,80.6,83,75,6.91,moderate rain
568,Eydhafushi,MV,5.1033,73.0708,82.2,73,100,5.39,light rain
569,Lata,PT,40.1629,-8.3327,37.99,59,0,11.99,clear sky
570,Baleno,PH,12.4739,123.4982,76.84,85,100,20.45,overcast clouds
571,Harlingen,US,26.1906,-97.6961,57.0,93,1,4.61,clear sky
572,Miramar,US,25.9873,-80.2323,61.0,72,75,8.05,broken clouds
573,Volgorechensk,RU,57.4393,41.1555,14.0,85,90,8.95,light snow
574,The Valley,AI,18.217,-63.0578,77.0,78,40,10.36,scattered clouds
575,Ati,TD,13.2154,18.3353,80.62,17,7,16.13,clear sky
576,Mayo,US,38.8876,-76.5119,35.01,69,1,6.91,clear sky
577,Sinnamary,GF,5.3833,-52.95,77.41,88,100,13.0,overcast clouds
578,Wajir,KE,1.7471,40.0573,85.46,36,0,10.78,clear sky
579,Souris,CA,49.6172,-100.2612,5.0,85,90,8.05,mist
580,Tabou,CI,4.423,-7.3528,79.47,83,0,4.47,clear sky
581,Zalantun,CN,48.0,122.7167,-0.42,81,0,6.98,clear sky
582,Weligama,LK,5.9667,80.4167,80.58,82,100,2.66,moderate rain
583,Sidi Ali,DZ,36.0998,0.4206,56.16,77,98,12.17,overcast clouds
584,Brusyliv,UA,50.2845,29.5263,33.01,100,90,6.71,light snow
585,Canberra,AU,-35.2835,149.1281,81.0,32,0,8.05,clear sky
586,Bela Vista,BR,-22.1089,-56.5211,73.58,81,93,4.0,overcast clouds
587,Chiang Klang,TH,19.2938,100.8617,82.4,42,0,9.22,clear sky
588,Adra,ES,36.7496,-3.0206,55.4,62,40,6.91,scattered clouds
589,Yarmouth,US,41.7057,-70.2286,35.6,69,90,12.66,overcast clouds
590,Hovd,MN,48.0056,91.6419,-4.29,83,100,3.56,light snow
591,Axim,GH,4.8699,-2.2405,80.73,80,88,6.87,overcast clouds
592,Shanghai,CN,31.2222,121.4581,39.99,17,0,11.18,clear sky
593,Duobao,CN,30.67,112.6895,43.14,48,83,4.34,broken clouds
594,Haukipudas,FI,65.1765,25.3523,14.0,92,0,2.3,clear sky
595,Grand-Santi,GF,4.25,-54.3833,70.27,97,42,1.36,scattered clouds
596,Northam,GB,51.0333,-4.2167,33.01,92,53,7.0,broken clouds
597,Huarmey,PE,-10.0681,-78.1522,69.39,88,73,6.38,broken clouds
598,Vazante,BR,-17.9869,-46.9078,70.18,86,99,2.51,light rain
599,Bara,NG,10.3744,10.7288,82.8,17,100,12.59,overcast clouds
600,Mareeba,AU,-17.0,145.4333,78.01,100,75,4.61,light rain
601,Raahe,FI,64.6833,24.4833,14.0,92,0,2.3,clear sky
602,Gewane,ET,10.1664,40.6453,77.16,30,51,7.09,broken clouds
603,Kollam,IN,8.8833,76.6,87.8,70,75,4.81,broken clouds
604,Magadan,RU,59.5667,150.8,-1.25,81,97,5.84,overcast clouds
605,Noumea,NC,-22.2763,166.4572,84.0,100,90,5.75,heavy intensity rain
606,Omidiyeh,IR,30.7597,49.705,59.0,67,0,5.1,clear sky
607,Puerto Del Rosario,ES,28.5004,-13.8627,57.2,77,40,11.5,scattered clouds
608,Nyurba,RU,63.2842,118.3319,-17.52,87,98,6.64,overcast clouds
609,Mahdalynivka,UA,48.921,34.9156,32.0,93,90,6.71,mist
610,Ipixuna,BR,-1.7625,-48.8043,75.2,94,0,4.61,clear sky
611,Cay,TR,38.5917,31.0286,49.82,70,72,7.96,broken clouds
612,Tandalti,SD,13.0167,31.8667,84.63,25,0,15.26,clear sky
613,Pravia,ES,43.4906,-6.1508,37.0,93,75,8.05,light snow
614,Araouane,ML,18.9048,-3.5265,76.03,17,0,9.73,clear sky
615,Boende,CD,-0.2167,20.8667,80.91,73,81,3.22,broken clouds
616,Inhambane,MZ,-23.865,35.3833,86.0,62,40,8.05,scattered clouds
617,Ancud,CL,-41.8697,-73.8203,50.0,87,40,9.22,scattered clouds
618,Sijunjung,ID,-0.6876,100.9537,76.06,87,100,1.57,overcast clouds
619,Golpayegan,IR,33.4537,50.2884,41.38,44,0,3.11,clear sky
620,Miraflores,MX,19.2167,-98.8083,57.2,58,75,5.75,broken clouds
621,Pangkalanbuun,ID,-2.6833,111.6167,80.56,86,100,3.33,light rain
622,Micheweni,TZ,-4.9667,39.8333,82.81,72,29,14.38,scattered clouds
623,Dubai,AE,25.2582,55.3047,69.8,28,0,12.66,clear sky
624,Salima,MW,-13.7804,34.4587,85.17,61,100,4.03,light rain
625,Kozmodemyansk,RU,56.3367,46.5711,17.6,93,90,6.71,overcast clouds
626,Cap Malheureux,MU,-19.9842,57.6142,84.99,73,13,5.99,few clouds
627,Formosa,AR,-26.1775,-58.1781,75.2,94,0,3.44,clear sky
628,Mikhaylovka,RU,50.06,43.2379,34.0,94,100,3.0,snow
629,Rovnoye,RU,50.7765,46.0509,34.39,99,100,8.21,moderate rain
630,Turukhansk,RU,65.8167,87.9833,-9.02,91,100,5.17,overcast clouds
631,Sorong,ID,-0.8833,131.25,83.88,73,100,7.45,overcast clouds
632,Adrar,MR,20.5022,-10.0711,60.94,65,0,11.86,clear sky
633,Robe,AU,-37.1833,139.75,68.95,61,0,16.69,clear sky
634,Nouakchott,MR,18.0858,-15.9785,62.6,82,50,18.41,scattered clouds
635,Kamaishi,JP,39.2667,141.8833,21.2,93,75,2.3,light snow
636,San Patricio,US,28.017,-97.5169,48.2,76,1,8.05,clear sky
637,Pangoa,PE,-12.1167,-73.0,67.21,96,100,1.72,moderate rain
638,Les Escoumins,CA,48.1111,-69.0236,28.4,69,98,16.11,overcast clouds
639,Vestmanna,FO,62.1564,-7.1664,37.4,87,40,25.32,light snow
640,Valdemarpils,LV,57.3707,22.5919,26.6,100,90,10.36,overcast clouds
641,Dilijan,AM,40.741,44.8636,41.05,60,5,8.77,clear sky
642,Svetlaya,RU,46.5389,138.3297,-1.14,80,100,9.62,overcast clouds
643,Nuuk,GL,64.1835,-51.7216,26.01,50,20,4.61,few clouds
644,Kristianstad,SE,56.0313,14.1524,32.0,93,75,4.61,broken clouds
645,Brae,GB,60.3964,-1.353,42.8,81,75,32.21,moderate rain
646,Charlestown,AU,-32.95,151.6667,73.0,93,2,8.25,clear sky
647,Jasper,US,37.2001,-94.3502,28.0,86,1,3.36,clear sky
648,Zhezkazgan,KZ,47.8043,67.7144,-5.94,87,49,7.9,scattered clouds
649,Paita,PE,-5.0892,-81.1144,68.9,87,67,6.38,broken clouds
650,Banda Aceh,ID,5.5577,95.3222,82.89,73,96,10.58,overcast clouds
651,Isoka,ZM,-10.1606,32.6335,65.14,97,100,6.2,light rain
652,Nelson Bay,AU,-32.7167,152.15,73.4,68,40,12.66,scattered clouds
653,Viedma,AR,-40.8135,-62.9967,64.0,66,0,1.99,clear sky
654,Tura,IN,25.5198,90.2201,77.9,39,100,6.33,overcast clouds
655,Mogadishu,SO,2.0371,45.3438,81.72,55,0,21.43,clear sky
656,Sungaipenuh,ID,-2.0833,101.3833,71.89,84,100,3.71,moderate rain
657,Ozoir-La-Ferriere,FR,48.767,2.6687,32.0,93,41,5.75,mist
658,Itoman,JP,26.1247,127.6694,53.6,66,75,20.71,broken clouds
659,Barra Patuca,HN,15.8,-84.2833,74.62,79,100,6.71,overcast clouds
660,Alekseyevskaya,RU,50.2896,42.1845,32.0,91,100,5.14,snow
661,Sao Sebastiao,BR,-23.76,-45.4097,75.04,85,77,0.85,broken clouds
